qid	keyword_1	keyword_2	keyword_3	keyword_4	keyword_5	keyword_6	keyword_7	keyword_8	keyword_9	keyword_10	keyword_11	keyword_12	keyword_13	keyword_14	keyword_15	keyword_16	keyword_17	keyword_18	keyword_19	keyword_20	keyword_21	keyword_22	keyword_23	keyword_24	keyword_25	keyword_26	keyword_27	keyword_28	keyword_29	keyword_30	keyword_31	keyword_32	keyword_33	keyword_34	keyword_35	keyword_36	keyword_37	keyword_38	keyword_39	keyword_40	keyword_41	keyword_42	keyword_43	keyword_44	keyword_45	keyword_46	keyword_47	keyword_48	keyword_49	keyword_50	keyword_51	keyword_52	keyword_53	keyword_54	keyword_55	keyword_56	keyword_57	keyword_58	keyword_59	keyword_60	keyword_61	keyword_62	keyword_63	keyword_64	keyword_65	keyword_66	keyword_67	keyword_68	keyword_69	keyword_70	keyword_71	keyword_72	keyword_73	keyword_74	keyword_75	keyword_76	keyword_77	keyword_78	keyword_79	keyword_80	keyword_81	keyword_82	keyword_83	keyword_84	keyword_85	keyword_86	keyword_87	keyword_88	keyword_89	keyword_90	keyword_91	keyword_92	keyword_93	keyword_94	keyword_95	keyword_96	keyword_97	keyword_98	keyword_99	keyword_100	keyword_101
156493	goldfish growth size lifespan care feeding environment tank size development stages growth rate optimal conditions nutrition fish biology aquatic pets raising goldfish growth chart aquarium maintenance goldfish health genetics growth factors	goldfish growth	goldfish size	goldfish development	goldfish lifespan	goldfish care	aquarium fish growth	pet fish growth	goldfish tank size	goldfish stages	fish growth rate	goldfish growth stages	goldfish size potential	goldfish growth rate	goldfish lifespan	how big do goldfish get	goldfish development	factors affecting goldfish growth	aquarium goldfish care	common goldfish breeds	goldfish growth chart	goldfish growth stages	goldfish size chart	goldfish growth rate	how fast do goldfish grow	maximum goldfish size	do goldfish keep growing	optimal conditions for goldfish growth	goldfish tank size and growth	goldfish lifespan growth	feeding goldfish for growth	goldfish growth stages	goldfish size	goldfish lifespan	goldfish growth rate	do goldfish keep growing	goldfish growth limits	how big do goldfish get	factors affecting goldfish growth	goldfish growth chart	goldfish care and growth	goldfish growth	goldfish size	goldfish development	how big do goldfish get	goldfish lifespan	goldfish growth rate	factors affecting goldfish growth	goldfish care	goldfish tank size	goldfish feeding	goldfish health	pet goldfish growth	goldfish species growth differences	goldfish growth rate	goldfish size	goldfish lifespan	how big do goldfish get	goldfish development	aquarium fish growth	goldfish care tips	factors affecting goldfish growth	goldfish growth stages	goldfish tank size implications	goldfish breed differences	feeding goldfish for growth	do goldfish grow bigger	do goldfish grow fast	do goldfish grow in size over time	do goldfish grow indefinitely	do goldfish grow larger in home aquarium	do goldfish grow after birth	do goldfish grow to adult size	do goldfish grow beyond tank size	do goldfish grow in small tanks	do goldfish grow if fed more	goldfish growth stages	goldfish size over time	do goldfish get bigger	factors affecting goldfish growth	goldfish growth rate	maximum size of goldfish	how fast do goldfish grow	goldfish growth tips	goldfish development	aquarium fish growth	do goldfish grow fast	do goldfish grow bigger than bowl	do goldfish grow in aquarium	do goldfish grow after one year	do goldfish grow indefinitely	factors affecting goldfish growth	how to make goldfish grow bigger	average size goldfish grow to	do goldfish grow in small tanks	do goldfish grow bigger than pond	how long do goldfish take to grow	do goldfish stop growing	do goldfish grow at night	do goldfish grow to goldfish size	do goldfish grow larger with supplements
1110199	wifi definition	bluetooth definition	wifi vs bluetooth differences	wifi features	bluetooth features	wireless communication	wifi vs bluetooth speed	wifi vs bluetooth range	wifi applications	bluetooth applications	wireless protocols comparison	wifi technology	bluetooth technology	wifi vs bluetooth use cases	connectivity comparison	wifi definition	bluetooth definition	wifi vs bluetooth differences	wifi advantages	bluetooth advantages	wifi speed comparison	bluetooth range	wifi connectivity	wifi applications	bluetooth applications	wifi technology	bluetooth technology	wireless communication	wifi vs bluetooth uses	bluetooth pairing	wifi protocols	wifi vs bluetooth power consumption	bluetooth security	wifi security	wifi vs bluetooth interference	wifi vs bluetooth differences	wifi vs bluetooth speed comparison	wifi vs bluetooth range	wifi vs bluetooth pros and cons	wifi vs bluetooth usage	wifi vs bluetooth technology	wifi vs bluetooth security	wifi vs bluetooth power consumption	wifi vs bluetooth data transfer	wifi vs bluetooth compatibility	wireless communication	wifi technology	bluetooth technology	wifi vs bluetooth comparison	wireless data transfer	wifi range	bluetooth range	wifi speed	bluetooth speed	wireless connectivity differences	wifi applications	bluetooth applications	wireless standards	wifi security	bluetooth security	wifi technology	bluetooth technology	wireless communication	wifi vs bluetooth differences	wifi advantages	bluetooth advantages	wifi applications	bluetooth applications	wireless data transfer	wifi range	bluetooth range	wifi speed	bluetooth speed	wifi security	bluetooth security	wifi connectivity	bluetooth connectivity	short range wireless	wireless protocols	wireless standards comparison	wireless technology	WiFi overview	Bluetooth overview	WiFi vs Bluetooth differences	range comparison	power consumption	data transfer speed	connectivity	wireless communication	usage scenarios	frequency bands	security features	device compatibility	network types	wireless technology	wifi features	bluetooth features	wifi vs bluetooth comparison	wireless communication	wifi applications	bluetooth applications	wifi speed	bluetooth range	wifi security	bluetooth security	wireless standards	802.11	bluetooth versions	wireless technology	wifi technology	bluetooth technology	wifi features	bluetooth features	wifi advantages	bluetooth advantages	wifi vs bluetooth comparison	wireless communication	short-range wireless	wireless protocols	wireless connectivity	wifi range	bluetooth range	data transfer speed	wireless standards	wireless devices	wireless security	wifi applications	bluetooth applications	wireless technology	wifi vs bluetooth differences	wifi advantages	bluetooth advantages	wifi bluetooth comparison	wireless communication	wifi range	bluetooth range	wifi speed	bluetooth speed	use cases wifi	use cases bluetooth	wifi security	bluetooth security	wireless protocols	connectivity options	wireless devices	data transfer wifi	data transfer bluetooth	short range wireless	long range wireless	wifi vs bluetooth differences	wifi and bluetooth comparison	wifi vs bluetooth speed	wifi vs bluetooth range	wifi vs bluetooth uses	wifi vs bluetooth technology	wifi vs bluetooth pros and cons	wifi vs bluetooth security	wifi vs bluetooth compatibility	wifi vs bluetooth data transfer	wifi vs bluetooth applications	wifi vs bluetooth interference	wifi vs bluetooth power consumption	wifi vs bluetooth connectivity	wifi vs bluetooth protocol differences
1063750	United States entry World War I causes reasons motivations US involvement voluntary Lusitania Zimmerman Telegram unrestricted submarine warfare Allies diplomacy politics 1917 neutrality declaration war economic factors military mobilization Congress debates Wilson administration	US entry WW1 reasons	United States voluntary participation WW1	WW1 US involvement causes	American entry World War I motivations	factors leading US WW1 declaration	US neutrality to war shift WW1	Wilson WW1 entry speech	US economic ties WW1	unrestricted submarine warfare	Zimmermann Telegram impact	WW1 US public opinion	US entry WW1 reasons	American involvement World War I	US neutrality WW1	Zimmerman telegram	unrestricted submarine warfare	Lusitania sinking	Wilson WW1 decision	US declaration of war	economic factors WW1	Allied powers support	United States	World War I	entry causes	reasons	voluntary entry	US involvement	1917	Lusitania	Zimmerman Telegram	allied powers	neutrality	US foreign policy	military intervention	war declaration	US entry WW1 reasons	US voluntary involvement WW1	American entry World War I causes	US motivations joining WW1	United States WW1 participation factors	US neutrality to war transition	World War I US declaration of war	US political reasons WW1	US economic interests WW1	Wilson WW1 entry speech	reasons US entered WW1	US entry into World War 1 causes	why America joined WW1	US voluntary involvement WW1	factors US joined WW1	US neutrality to war participation WW1	WW1 US intervention motives	American entry WW1 timeline	impact of WW1 on US decision	US foreign policy WW1	United States	US	World War 1	WW1	World War I	American entry	reasons	causes	voluntary	involvement	1917	Woodrow Wilson	Lusitania	Zimmerman Telegram	Allied Powers	Central Powers	neutrality	declaration of war	military intervention	economic interests	propaganda	unrestricted submarine warfare	US entry WW1 reasons	US voluntary involvement WW1 causes	United States WW1 motives	US World War 1 participation	reasons for US WW1 declaration	American entry WW1 factors	US neutrality to war transition	US WW1 historical context	WW1 US economic interests	US propaganda WW1 influence	us entry into ww1 reasons	why us joined ww1	causes of us involvement in ww1	us neutrality ww1 to war	factors leading us ww1 participation	us declaration of war ww1	wilson ww1 entry explanation	lusitania sinking impact	unrestricted submarine warfare us response	zimmermann telegram ww1	us economic interests ww1	wilson 14 points ww1	public opinion us ww1 entry	us military mobilization ww1	US involvement in WW1	reasons for US entry into WW1	US entry causes WW1	America joining World War I	US neutrality WW1	US declaration of war WW1	Lusitania sinking	Zimmerman telegram	economic factors WW1	Allied Powers WW1	military mobilization US WW1	US public opinion WW1	1917 US war entry
130510	meaning	explanation	legal concept	court ruling	judicial declaration	legal definition	case law	statutory interpretation	civil procedure	legal principles	meaning	explanation	legal interpretation	court ruling	legal definition	declaratory relief	civil procedure	judgment examples	case law	legal context	legal definition	declaratory relief	civil procedure	court ruling	legal principles	judicial declaration	overview	case law	types of declaratory judgments	purpose	examples	statutory framework	legal definition	declaratory judgment meaning	what is declaratory judgment	examples declaratory judgment	types declaratory judgment	usage declaratory judgment	legal implications declaratory judgment	court rulings declaratory judgment	benefits declaratory judgment	case law declaratory judgment	declaratory judgment meaning	declaratory relief	definition of declaratory decree	declaratory judgment law	purpose of declaratory judgment	declaratory judgment examples	declaratory judgment procedure	legal definition declaratory judgment	declaratory judgment vs injunction	declaratory judgment statute	definition	declaratory judgment	legal meaning	explanation	law	court ruling	judicial decision	legal definition	declaratory relief	civil procedure	case law	legal precedent	interpretation	legal context	declaratory judgment meaning	declaratory judgment definition law	what is declaratory judgment	examples of declaratory judgment	purpose of declaratory judgment	legal definition declaratory judgment	declaratory judgment explained	declaratory judgment case law	how does declaratory judgment work	declaratory judgment vs injunction	legal definition	declaratory relief	judicial determination	civil procedure	court ruling	legal terms	declaratory decree	legal clarification	law explanation	case law	statutory interpretation	legal precedent	legal rights	dispute resolution	legal judgment	legal definition	declaratory judgment example	purpose of declaratory judgment	legal implications	court ruling	civil law	judicial relief	case law	legal precedents	binding judgment	procedural aspects	legal terminology	declaratory relief	legal process	federal rules	declaratory judgment meaning	declaratory judgment examples	declaratory judgment vs injunction	how to file declaratory judgment	purpose of declaratory judgment	declaratory judgment legal definition	declaratory judgment procedure	benefits of declaratory judgment	declaratory judgment case law	declaratory relief definition
489204	right pelvic pain causes in women	right pelvic pain causes and treatment	right pelvic pain causes in pregnancy	right pelvic pain causes and symptoms	right pelvic pain causes diagnosis	right pelvic pain causes and remedies	right pelvic pain causes in males	right pelvic pain causes kidney	right pelvic pain causes gastrointestinal	right pelvic pain causes urinary tract infection	right pelvic pain causes	pelvic pain causes in women	lower right pelvic pain causes	right side pelvic pain causes	pelvic pain differential diagnosis	causes of right lower quadrant pain	gynecological causes pelvic pain	right pelvic pain gastrointestinal causes	urinary causes pelvic pain	right pelvic pain musculoskeletal causes	right lower quadrant pain	pelvic pain differential diagnosis	gynecological causes pelvic pain	appendicitis pelvic pain	urinary tract infection pelvic pain	ovarian cyst pain	pelvic inflammatory disease	gastrointestinal causes pelvic pain	musculoskeletal pelvic pain	chronic pelvic pain causes	pelvic inflammatory disease	ovarian cyst	ectopic pregnancy	urinary tract infection	appendicitis	endometriosis	muscle strain	pelvic fracture	nerve compression	gastrointestinal issues	pelvic adhesions	prostatitis	pelvic floor dysfunction	hernia	kidney stones	lower abdominal pain	pelvic disorders	gynecological causes	appendicitis	urinary tract infection	ovarian cyst	pelvic inflammatory disease	musculoskeletal pain	gastrointestinal causes	right lower quadrant pain	kidney stones	hernia	endometriosis	diverticulitis	pelvic tumors	referred pain	chronic pelvic pain	inflammation	reproductive system causes	lower abdominal pain	pelvic discomfort	gynecological causes	appendicitis	ovary pain	ovarian cyst	urinary tract infection	pelvic inflammation	gastrointestinal causes	musculoskeletal pain	right iliac fossa pain	endometriosis	pelvic inflammatory disease	kidney stones	reproductive system pain	lower right pelvic pain	right pelvic pain symptoms	right pelvic pain diagnosis	right pelvic pain treatment	abdominal pain right side	pelvic inflammatory disease	appendicitis right side	ovarian cyst right side	urinary tract infection	right pelvic pain in women	right pelvic pain in men	gastrointestinal causes pelvis pain	musculoskeletal pelvic pain	pregnancy related pelvic pain	pelvic organ prolapse	right lower quadrant pain causes	chronic pelvic pain	acute pelvic pain causes	pelvic pain with fever	pelvic pain after intercourse	right lower quadrant pain differential diagnosis	pelvic inflammatory disease	ovarian cyst pain	appendicitis symptoms	ectopic pregnancy symptoms	urinary tract infection pelvic pain	gastrointestinal causes pelvic pain	musculoskeletal causes pelvic pain	pelvic organ prolapse pain	pelvic pain diagnosis	acute pelvic pain evaluation	chronic pelvic pain causes	right sided pelvic pain female	reproductive system pain causes	pelvic pain and fever	differential diagnosis pelvic pain women	pelvic pain imaging studies	right lower quadrant pain	pelvic region pain causes	pelvic pain differential diagnosis	gynecological causes pelvic pain	appendicitis	ovarian cyst pain	urinary tract infection	pelvic inflammatory disease	musculoskeletal pelvic pain	gastrointestinal causes pelvic pain	diagnostic imaging pelvic pain	pelvic pain symptoms	chronic pelvic pain	pelvic pain in women	acute pelvic pain causes	right lower quadrant pain	pelvic region discomfort	pelvic pain differential diagnosis	causes of pelvic pain	right-sided abdominal pain	gynecological causes	appendicitis	ovarian cyst	urinary tract infection	pelvic inflammatory disease	musculoskeletal pain	gastrointestinal causes	hernia	endometriosis	ectopic pregnancy	inflammation	nerve pain	diagnostic tests for pelvic pain
573724	health equity	social factors	healthcare access	socioeconomic status	education	housing	employment	community environment	public health	health disparities	social support	income inequality	health outcomes	environmental conditions	social policies	social factors	economic status	education level	neighborhood environment	healthcare access	employment status	social support	housing conditions	health disparities	lifestyle choices	cultural influences	public policy	community resources	income inequality	transportation access	social factors	economic status	education	neighborhood	employment	social support	health disparities	access to healthcare	housing conditions	community resources	public health	social environment	income inequality	behavioral factors	cultural influences	social factors	economic status	education	neighborhood	employment	social support	healthcare access	environment	lifestyle	public policies	income inequality	cultural influences	housing quality	transportation	mental health	community resources	social determinants of health	factors affecting health	health disparities	socioeconomic status	education and health	healthcare access	environment and health	community health	health inequality	public health	health policy	social environment	economic factors	lifestyle and health	health outcomes	social determinants of health examples	factors affecting social determinants of health	impact of social determinants on health	social determinants of health definition	social determinants of health in healthcare	key social determinants of health	social determinants of health and equity	role of social determinants in health outcomes	addressing social determinants of health	social determinants of health policy implications	health factors	socioeconomic status	education	neighborhood	environment	access to healthcare	social support	employment	income	lifestyle	community	public health	health disparities	health equity	social environment	physical environment	cultural factors	healthcare access	social conditions	economic stability	social factors	economic status	education	environment	healthcare access	community support	employment	housing	inequality	lifestyle	public health	health disparities	social environment	nutrition	mental health	social policies	definition	examples	importance	impact on health	economic factors	education	housing	access to healthcare	social environment	community influence	policy implications	health disparities	preventative measures	global perspective	research studies	health disparities	social factors	healthcare access	socioeconomic status	education impact	environment influence	community resources	health equity	social support networks	public health	income inequality	housing quality	food security	employment conditions	social inclusion	cultural factors	health outcomes	policy implications	behavioral health	mental health determinants
168216	Legionella pneumophila	pneumonia	Legionnaires' disease	symptoms	diagnosis	treatment	bacterial pneumonia	respiratory infection	Legionella bacteria	lung infection	risk factors	outbreak	epidemiology	antimicrobial therapy	prevention	Legionella pneumophila	Legionnaires' disease	pneumonia causes	bacterial pneumonia	Legionella symptoms	pneumonia diagnosis	Legionella infection	pneumonia treatment	Legionella bacteria	atypical pneumonia	respiratory infections	Legionella transmission	Legionella risk factors	Legionella outbreaks	bacterial lung infection	Legionella pneumophila	Legionnaires' disease	pneumonia causes	bacterial pneumonia	Legionella infection symptoms	Legionella diagnosis	pneumonia pathogens	Legionella treatment	respiratory infections	Legionella outbreaks	Legionella transmission	atypical pneumonia	Legionella risk factors	Legionella prevention	legionella pneumophila symptoms	legionella pneumophila infection	legionella pneumophila transmission	legionella pneumonia diagnosis	legionella pneumonia treatment	legionella pneumophila causes	legionnaires disease pneumonia	atypical pneumonia legionella	legionella pneumophila risk factors	legionella pneumophila complications	Legionella pneumophila	pneumonia	legionnaires disease	bacterial pneumonia	respiratory infection	Legionella infection symptoms	Legionella transmission	atypical pneumonia	Legionella diagnosis	Legionella treatment	Legionella risk factors	waterborne pathogens	bacterial lung infection	community-acquired pneumonia	Legionella outbreaks	Legionella pneumophila	Legionnaires' disease	pneumonia cause	bacterial pneumonia	Legionella infection	respiratory illness	Legionella symptoms	atypical pneumonia	Legionella transmission	Legionella diagnosis	Legionella treatment	waterborne pathogens	Legionella bacteria	lung infection	Legionella outbreak	Legionella pneumophila	Legionnaires' disease	atypical pneumonia	bacterial pneumonia	respiratory infection	Legionella infection	lung infection	pneumonia symptoms	respiratory illness	bacterial lung infection	causes of pneumonia	bacterial pathogens	pneumonia diagnosis	Legionella pneumonia treatment	infectious diseases	Legionella pneumophila	Legionnaires' disease	pneumonia symptoms	bacterial pneumonia	Legionella infection	respiratory infection	Legionella diagnosis	lung infection	atypical pneumonia	Legionella treatment	waterborne bacteria	Legionella risk factors	pneumonia causes	Legionella outbreaks	community-acquired pneumonia	Legionella pneumophila	Legionnaires' disease	pneumonia symptoms	bacterial pneumonia	Legionella infection	pulmonary infection	atypical pneumonia	respiratory illness	waterborne pathogens	Legionella transmission	lung infection	diagnostic methods	treatment options	Legionella risk factors	pneumonia causes	legionella pneumophila pneumonia symptoms	legionella pneumophila transmission	legionella pneumophila diagnosis	legionella pneumophila treatment	legionella pneumophila incubation period	legionella pneumophila complications	legionella pneumophila prevention	legionella pneumophila outbreak	legionella pneumophila infection mechanisms	legionella pneumophila vs other pneumonia causes	legionella pneumophila risk factors	legionella pneumophila pneumonia prognosis	legionella pneumophila in water systems	legionella pneumophila laboratory tests	legionella pneumophila epidemiology
1133167	Jamaica weather climate temperature forecast humidity rainfall sunny cloudy Caribbean tropical best time to visit seasonal conditions	current weather	Jamaica	weather forecast	climate	temperature	humidity	rain	sunshine	seasonal weather	travel weather Jamaica	Jamaica weather forecast	current weather Jamaica	Jamaica climate	Jamaica temperature	Jamaica weather today	Jamaica humidity	Jamaica rain	Jamaica sunshine	Caribbean weather	Jamaica weather updates	Jamaica seasonal weather	Jamaica travel weather	Jamaica weather forecast	Jamaica climate	Jamaica current weather	Jamaica temperature	Jamaica rain conditions	Jamaica humidity	Jamaica weather today	Jamaica weather updates	Jamaica seasonal weather	Jamaica sunshine hours	current weather in Jamaica	Jamaica weather forecast	weather today Jamaica	Jamaica climate update	Jamaica temperature now	rain forecast Jamaica	humidity levels Jamaica	best time to visit Jamaica weather	Jamaica weather by month	Jamaica weather this week	Jamaica weather	Jamaica climate	current weather Jamaica	Jamaica weather forecast	Jamaica temperature	Jamaica seasonal weather	Jamaica travel weather	Jamaica humidity	Jamaica rainfall	Jamaica sunshine	Jamaica best travel time	Jamaica weather patterns	Jamaica weather forecast	Jamaica climate	current weather Jamaica	Jamaica temperature	Jamaica humidity	Jamaica rain	Jamaican weather updates	Jamaica seasonal weather	Jamaica weather conditions	Jamaica travel weather	Jamaica weather forecast	Jamaica climate	current weather Jamaica	Jamaica temperature	Jamaica rain	Jamaica sunshine	Jamaica humidity	Jamaica travel weather	Jamaica weather conditions	Jamaica weather today	Jamaica weather forecast	Jamaica climate	current weather Jamaica	Jamaica temperature	Jamaica weather today	Jamaica rainfall	Jamaica humidity	Jamaica weather conditions	Jamaica weather updates	Jamaica travel weather	current weather in Jamaica	today's weather Jamaica	Jamaica weather forecast	weather update Jamaica	weather conditions Jamaica	live weather Jamaica	weather report Jamaica	climate in Jamaica	temperatures in Jamaica	rainfall in Jamaica	humidity in Jamaica	Jamaica weather today	weather outlook Jamaica	weather Jamaica now	weather Jamaica this week
527433	dysarthria classification	cerebral palsy speech disorders	spastic dysarthria	athetoid dysarthria	ataxic dysarthria	mixed dysarthria	effects on speech	diagnosis of dysarthria	treatment options	speech therapy techniques	neuromuscular speech impairment	motor speech disorders	communication challenges in cerebral palsy	assessment tools	pediatric dysarthria	speech disorders	motor speech impairment	neurological speech disorders	spastic dysarthria	ataxic dysarthria	athetoid dysarthria	mixed dysarthria	cerebral palsy speech difficulties	articulation disorders	neuromuscular speech disorders	CP speech types	dysarthria classification	speech therapy in cerebral palsy	speech production abnormalities	motor control speech impairments	cerebral palsy speech disorders	dysarthria classifications	types of speech impairment in cerebral palsy	motor speech disorders	spastic dysarthria	ataxic dysarthria	flaccid dysarthria	mixed dysarthria	speech therapy cerebral palsy	neurological speech disorders	dysarthria causes	cerebral palsy communication issues	speech pathology cerebral palsy	symptoms of dysarthria	speech impairment types	dysarthria classification	cerebral palsy speech disorders	spastic dysarthria	ataxic dysarthria	athetoid dysarthria	flaccid dysarthria	mixed dysarthria	causes of dysarthria	speech therapy for cerebral palsy	neurological speech impairments	motor speech disorders	dysarthria symptoms	cerebral palsy types	speech pathology	neurology	dysarthria classification	cerebral palsy speech disorders	dysarthria types symptoms	spastic dysarthria	athetoid dysarthria	ataxic dysarthria	neuromotor speech impairments	cerebral palsy communication issues	dysarthria diagnosis	motor speech control	speech therapy cerebral palsy	dysarthria causes	muscle control speech	neurological speech disorders	dysarthria	cerebral palsy	types	speech disorders	motor speech impairment	spastic dysarthria	ataxic dysarthria	flaccid dysarthria	mixed dysarthria	athetoid dysarthria	dysarthria classification	neurological speech disorders	speech therapy	articulation problems	communication disorders	neurogenic speech disorder	motor control	speech production	cerebral palsy symptoms	speech impairment	pediatric dysarthria	diagnosis	treatment options	speech-language pathology	dysarthria types	cerebral palsy	speech disorders	motor speech impairment	spastic dysarthria	ataxic dysarthria	flaccid dysarthria	hypokinetic dysarthria	hyperkinetic dysarthria	mixed dysarthria	neurogenic speech disorders	cerebral palsy speech issues	speech therapy	dysarthria assessment	oral motor control	dysarthria classification	cerebral palsy speech disorders	dysarthria symptoms	spastic dysarthria	athetoid dysarthria	ataxic dysarthria	mixed dysarthria	dysarthria treatment	motor speech disorders	causes of dysarthria in CP	dysarthria management	speech therapy for CP	neurological speech impairments	dysarthria assessment	speech pathology cerebral palsy	dysarthria classification cerebral palsy	speech disorders in cerebral palsy	types of speech impairment cerebral palsy	causes of dysarthria cerebral palsy	spastic dysarthria cerebral palsy	athetoid dysarthria cerebral palsy	ataxic dysarthria cerebral palsy	mixed dysarthria cerebral palsy	dysarthria symptoms cerebral palsy	treatment for dysarthria cerebral palsy	dysarthria classification	cerebral palsy speech disorders	speech impairment types	neurological speech disorders	motor speech disorders	spastic dysarthria	athetoid dysarthria	ataxic dysarthria	mixed dysarthria	dysarthria symptoms	cerebral palsy communication issues	speech therapy cerebral palsy	dysarthria diagnosis	speech disorder types	brain injury speech effects
1037798	biography	background	achievements	career	notable works	education	profession	awards	publications	personal life	historical figure	contemporary	author	scientist	artist	musician	politician	athlete	biography	history	profile	achievements	background	career	notable works	famous	identity	personal life	Robert Gray explorer	Robert Gray poet	Robert Gray basketball	Robert Gray artist	Robert Gray actor	Robert Gray politician	Robert Gray biography	Robert Gray explorer	Robert Gray trader	Robert Gray maritime history	Robert Gray Columbia River	Robert Gray historical figure	Robert Gray achievements	Robert Gray background	Robert Gray contributions	Robert Gray life story	biography	background	achievements	career	personal life	profession	notable works	awards	history	education	interviews	news	publications	age	location	biography	poet	artist	explorer	basketball player	historical figure	achievements	biography summary	Wikipedia	early life	career	famous works	awards	interviews	notable quotes	biography	actor	author	athlete	musician	entrepreneur	scientist	artist	director	historian	politician	academic	filmmaker	inventor	engineer	poet	photographer	military	sports	news	achievements	awards	Robert Gray biography	Robert Gray achievements	Robert Gray career	Robert Gray background	Robert Gray notable works	Robert Gray historical figure	Robert Gray artist	Robert Gray explorer	Robert Gray author	Robert Gray politician	Robert Gray biography	Robert Gray history	Robert Gray explorer	Robert Gray poet	Robert Gray basketball	Robert Gray achievements	Robert Gray background	Robert Gray career	Robert Gray notable works	Robert Gray famous people	Robert Gray profile	Robert Gray Wikipedia	Robert Gray facts	Robert Gray identity	Robert Gray explorer	Robert Gray captain	Robert Gray biography	Robert Gray naval history	Robert Gray Columbia River	Robert Gray maritime explorer	Robert Gray merchant captain	Robert Gray 18th century	Robert Gray historical figure	Robert Gray American explorer	Robert Gray biography	Robert Gray explorer	Robert Gray poet	Robert Gray basketball player	Robert Gray oceanographer	Robert Gray historical figure	Robert Gray achievements	Robert Gray career	Robert Gray Wikipedia	Robert Gray famous quotes
